SKU,Product_Name,Category,As_Of_Date,Current_Stock,Lead_Time_Days,Reorder_Point_Given,Safety_Stock_Given,Historical_Demand_Std,Forecast_Avg_Daily_Demand,Safety_Stock_Calc,Reorder_Point_Calc,Days_Of_Stock,Risk_Status,On_Order,Recommendation,Recommended_Qty
SKU025,Product 025,Storage,2025-12-31,1124.0,14.0,582.0,121.0,1.696322680007977,2.616224608614977,10.472646171906623,47.0997906925163,429.6267210004736,Overstock,61.0,Reduce Procurement,-983
SKU048,Product 048,Kitchen,2025-12-31,106.0,3.0,31.0,22.0,3.408434802923922,7.955208508800945,9.740910717367903,33.60653624377074,13.3246036081557,Overstock,50.0,Reduce Procurement,-5
SKU021,Product 021,Furniture,2025-12-31,88.0,9.0,88.0,36.0,3.147934496666043,7.516308116458895,15.582275758496914,83.22904880662698,11.707875546945887,Healthy,97.0,Increase Stock,0
SKU020,Product 020,Storage,2025-12-31,1002.0,3.0,227.0,129.0,4.2509294089096565,12.656645220350264,12.14866243077343,50.11859809182423,79.16789817169816,Overstock,353.0,Reduce Procurement,-852
SKU019,Product 019,Lighting,2025-12-31,227.0,14.0,126.0,25.0,5.084402403334814,14.514915884454204,31.389751486118666,234.5985738684775,15.639084773692836,Stockout Risk,114.0,Reorder Immediately,128
SKU018,Product 018,Kitchen,2025-12-31,235.0,8.0,184.0,66.0,6.532438062045601,22.49611215418434,30.48626625893345,210.45516349240816,10.446249484771055,Healthy,102.0,Increase Stock,0
SKU017,Product 017,Home Decor,2025-12-31,95.0,12.0,274.0,108.0,4.474767525070502,12.84318869359435,25.576731528088448,179.69499585122065,7.396916939122919,Stockout Risk,26.0,Reorder Immediately,238
SKU016,Product 016,Furniture,2025-12-31,255.0,11.0,129.0,30.0,4.409776138608295,12.45525009761904,24.132195221022865,161.13994629483233,20.47329423346915,Healthy,187.0,Inventory Healthy,0
SKU015,Product 015,Storage,2025-12-31,187.0,9.0,265.0,119.0,2.196291037188489,3.446328839676825,10.871640634083022,41.88860019117445,54.26063753612545,Overstock,245.0,Reduce Procurement,-61
SKU014,Product 014,Lighting,2025-12-31,309.0,10.0,299.0,130.0,5.969616804647777,19.21832606950667,31.148016670820628,223.33127736588733,16.078403440676556,Healthy,334.0,Increase Stock,0
SKU013,Product 013,Kitchen,2025-12-31,151.0,4.0,61.0,32.0,4.522525333020869,12.15305108938505,14.924333598968865,63.536537956509065,12.424863426427072,Healthy,95.0,Inventory Healthy,0
SKU012,Product 012,Home Decor,2025-12-31,47.0,12.0,58.0,16.0,6.9995997647539,22.59670309205996,40.00808600316302,311.1685231078826,2.07994944255894,Stockout Risk,60.0,Reorder Immediately,515
SKU011,Product 011,Furniture,2025-12-31,753.0,3.0,247.0,179.0,1.7367443518621417,2.689435558592067,4.963413604352789,13.03172028012899,279.9843995496956,Overstock,269.0,Reduce Procurement,-714
SKU010,Product 010,Storage,2025-12-31,83.0,13.0,60.0,22.0,5.249190231698909,15.04458608076733,31.228270482840937,226.80788953281623,5.516934766726842,Stockout Risk,70.0,Reorder Immediately,301
SKU009,Product 009,Lighting,2025-12-31,75.0,7.0,131.0,63.0,3.805204755571941,9.632664811423217,16.61158202702407,84.04023570698659,7.786007451547442,Stockout Risk,89.0,Reorder Immediately,4
SKU008,Product 008,Kitchen,2025-12-31,325.0,3.0,161.0,91.0,4.921836053596811,14.481372415324415,14.066035683734054,57.5101529297073,22.442624267854608,Overstock,155.0,Reduce Procurement,-152
SKU007,Product 007,Home Decor,2025-12-31,207.0,8.0,237.0,98.0,6.530103100287479,22.30636658777861,30.475369214799787,208.92630191702867,9.279861836100768,Stockout Risk,460.0,Reorder Immediately,0
SKU006,Product 006,Furniture,2025-12-31,359.0,13.0,340.0,129.0,2.8092610423642026,5.721280004287096,16.712742311772452,91.0893823675047,62.74819616082283,Overstock,485.0,Reduce Procurement,-86
SKU005,Product 005,Storage,2025-12-31,471.0,6.0,245.0,129.0,4.805818781318553,15.021477625563392,19.423476287349004,109.55234204072936,31.35510445380268,Overstock,291.0,Reduce Procurement,-142
SKU004,Product 004,Lighting,2025-12-31,259.0,6.0,196.0,98.0,2.363983701712753,4.193813289173041,9.554413818595794,34.71729355363404,61.757637296025415,Overstock,254.0,Reduce Procurement,-155
SKU003,Product 003,Kitchen,2025-12-31,349.0,3.0,123.0,88.0,2.762153570112125,5.186320979504916,7.89391403087424,23.452876969388985,67.29240272230807,Overstock,12.0,Reduce Procurement,-279
SKU002,Product 002,Home Decor,2025-12-31,526.0,3.0,149.0,94.0,3.707409730075455,9.0225432183149,10.595346327993742,37.662975982938434,58.298418447281065,Overstock,29.0,Reduce Procurement,-413
SKU001,Product 001,Furniture,2025-12-31,771.0,4.0,289.0,159.0,4.749296350770918,12.439925137390135,15.67267795754403,65.43237850710457,61.977864937678696,Overstock,147.0,Reduce Procurement,-575
SKU022,Product 022,Home Decor,2025-12-31,95.0,8.0,163.0,76.0,3.777754824789336,8.755292937761766,17.630421958173663,87.67276546026778,10.85057926391737,Healthy,194.0,Increase Stock,0
SKU049,Product 049,Lighting,2025-12-31,780.0,5.0,344.0,206.0,6.293599905568922,22.21261693651788,23.2203133998633,134.2833980824527,35.11517810932345,Overstock,599.0,Reduce Procurement,-377
SKU023,Product 023,Kitchen,2025-12-31,130.0,12.0,148.0,41.0,4.6064380794788,12.918876640685232,26.32932982540504,181.35584951362785,10.06279443760558,Stockout Risk,79.0,Reorder Immediately,154
SKU026,Product 026,Furniture,2025-12-31,160.0,5.0,59.0,31.0,6.433035067778895,19.84892416742249,23.7347611267694,122.97938196388183,8.060890285560351,Healthy,70.0,Increase Stock,0
SKU047,Product 047,Home Decor,2025-12-31,201.0,9.0,99.0,44.0,4.602759430426408,13.223564604887825,22.78365918061072,141.79574062460114,15.200137482271945,Healthy,129.0,Increase Stock,0
SKU046,Product 046,Furniture,2025-12-31,119.0,4.0,96.0,46.0,3.410034895275224,8.248512359167266,11.253115154408238,44.24716459107731,14.426843874186025,Healthy,182.0,Inventory Healthy,0
SKU045,Product 045,Storage,2025-12-31,307.0,4.0,142.0,88.0,7.036269914968198,21.472402110330822,23.219690719395054,109.10929916071836,14.297422264288532,Healthy,142.0,Inventory Healthy,0
SKU044,Product 044,Lighting,2025-12-31,223.0,5.0,93.0,55.0,3.5275348406477285,8.152612667925501,13.014882699533896,53.77794603916141,27.35319450135783,Overstock,39.0,Reduce Procurement,-62
SKU043,Product 043,Kitchen,2025-12-31,559.0,12.0,393.0,142.0,6.172465856126552,19.655516633632256,35.280380753624534,271.1465803572116,28.43985281178026,Healthy,211.0,Inventory Healthy,0
SKU042,Product 042,Home Decor,2025-12-31,90.0,6.0,88.0,41.0,6.093777391252505,20.213497604804516,24.62896460421712,145.9099502330442,4.452470411583201,Stockout Risk,120.0,Reorder Immediately,82
SKU041,Product 041,Furniture,2025-12-31,440.0,4.0,139.0,78.0,3.949135495006267,10.01050673767018,13.03214713352068,53.0741740842014,43.9538188755472,Overstock,40.0,Reduce Procurement,-281
SKU040,Product 040,Storage,2025-12-31,67.0,9.0,93.0,36.0,4.717283450302467,13.146951088360078,23.350553078997216,141.67311287423792,5.096238629754987,Stockout Risk,29.0,Reorder Immediately,187
SKU039,Product 039,Lighting,2025-12-31,93.0,3.0,31.0,17.0,1.8294912434870223,2.74091556190606,5.228473446441112,13.451220132159293,33.930268152925834,Overstock,35.0,Reduce Procurement,-53
SKU038,Product 038,Kitchen,2025-12-31,159.0,12.0,175.0,56.0,3.14411453591952,7.2618614313075796,17.971028199393885,105.11336537508484,21.895212612363256,Healthy,310.0,Inventory Healthy,0
SKU037,Product 037,Home Decor,2025-12-31,355.0,8.0,644.0,315.0,6.433463559123097,22.00745368227873,30.024361680538387,206.08399113876823,16.130898427647722,Healthy,687.0,Inventory Healthy,0
SKU036,Product 036,Furniture,2025-12-31,383.0,3.0,129.0,77.0,2.338316665480617,4.484698849278411,6.68263739351582,20.136733941351054,85.40149804297891,Overstock,135.0,Reduce Procurement,-323
SKU035,Product 035,Storage,2025-12-31,670.0,8.0,304.0,137.0,5.9707157230541394,18.57624422250817,27.864761603637568,176.47471538370291,36.06757060117594,Overstock,76.0,Reduce Procurement,-141
SKU034,Product 034,Lighting,2025-12-31,34.0,5.0,58.0,34.0,6.003896566561799,18.26110286699089,22.151449406971125,113.45696374192556,1.861880974421268,Stockout Risk,103.0,Reorder Immediately,90
SKU033,Product 033,Kitchen,2025-12-31,208.0,12.0,183.0,55.0,5.615297237728686,15.585394702610058,32.09573438064594,219.12047081196664,13.34582819164449,Stockout Risk,168.0,Reorder Immediately,62
SKU032,Product 032,Home Decor,2025-12-31,278.0,11.0,185.0,60.0,3.5217300171347694,8.441246351939387,19.272424181617072,112.12613405295032,32.93352526503733,Healthy,214.0,Inventory Healthy,0
SKU031,Product 031,Furniture,2025-12-31,93.0,13.0,113.0,28.0,5.312609692905364,15.9963950082355,31.605562979590523,239.558698086652,5.813809921055361,Stockout Risk,40.0,Reorder Immediately,346
SKU030,Product 030,Storage,2025-12-31,166.0,9.0,104.0,43.0,2.279779638237125,4.31716421462669,11.284909209273769,50.139387140913975,38.451166494335965,Overstock,32.0,Reduce Procurement,-16
SKU029,Product 029,Lighting,2025-12-31,261.0,5.0,329.0,196.0,4.667330892750726,14.267600943174262,17.220174096964417,88.55817881283572,18.293194562948894,Healthy,520.0,Inventory Healthy,0
SKU028,Product 028,Kitchen,2025-12-31,174.0,11.0,337.0,114.0,2.5411369176288034,5.124309546587671,13.906196199546743,70.27360121201112,33.95579412564339,Healthy,55.0,Inventory Healthy,0
SKU027,Product 027,Home Decor,2025-12-31,567.0,3.0,133.0,83.0,6.321745191627349,21.821636192118923,18.066813376264644,83.53172195262142,25.983386168117725,Overstock,103.0,Reduce Procurement,-316
SKU024,Product 024,Lighting,2025-12-31,341.0,14.0,259.0,60.0,4.536352550503019,12.007864823951584,28.006237098840707,196.11634463416289,28.398054525049417,Healthy,18.0,Inventory Healthy,0
SKU050,Product 050,Storage,2025-12-31,328.0,14.0,316.0,69.0,2.8065013762158717,5.576246789838497,17.326594898760423,95.39404995649936,58.82092603894595,Overstock,525.0,Reduce Procurement,-42
